season,users,Daily Rental Count
Winter,casual,331
Winter,casual,131
Winter,casual,120
Winter,casual,108
Winter,casual,82
Winter,casual,88
Winter,casual,148
Winter,casual,68
Winter,casual,54
Winter,casual,41
Winter,casual,43
Winter,casual,25
Winter,casual,38
Winter,casual,54
Winter,casual,222
Winter,casual,251
Winter,casual,117
Winter,casual,9
Winter,casual,78
Winter,casual,83
Winter,casual,75
Winter,casual,93
Winter,casual,150
Winter,casual,86
Winter,casual,186
Winter,casual,34
Winter,casual,15
Winter,casual,38
Winter,casual,123
Winter,casual,140
Winter,casual,42
Winter,casual,47
Winter,casual,72
Winter,casual,61
Winter,casual,88
Winter,casual,100
Winter,casual,354
Winter,casual,120
Winter,casual,64
Winter,casual,53
Winter,casual,47
Winter,casual,149
Winter,casual,288
Winter,casual,397
Winter,casual,208
Winter,casual,140
Winter,casual,218
Winter,casual,259
Winter,casual,579
Winter,casual,532
Winter,casual,639
Winter,casual,195
Winter,casual,74
Winter,casual,139
Winter,casual,100
Winter,casual,120
Winter,casual,424
Winter,casual,694
Winter,casual,81
Winter,casual,137
Winter,casual,231
Winter,casual,123
Winter,casual,214
Winter,casual,640
Winter,casual,114
Winter,casual,244
Winter,casual,316
Winter,casual,191
Winter,casual,46
Winter,casual,247
Winter,casual,724
Winter,casual,982
Winter,casual,359
Winter,casual,289
Winter,casual,321
Winter,casual,424
Winter,casual,884
Winter,casual,1424
Winter,casual,1047
Spring,casual,401
Spring,casual,460
Spring,casual,203
Spring,casual,166
Spring,casual,300
Spring,casual,981
Spring,casual,472
Spring,casual,222
Spring,casual,317
Spring,casual,168
Spring,casual,179
Spring,casual,307
Spring,casual,898
Spring,casual,1651
Spring,casual,734
Spring,casual,167
Spring,casual,413
Spring,casual,571
Spring,casual,172
Spring,casual,879
Spring,casual,1188
Spring,casual,855
Spring,casual,257
Spring,casual,209
Spring,casual,529
Spring,casual,642
Spring,casual,121
Spring,casual,1558
Spring,casual,669
Spring,casual,409
Spring,casual,613
Spring,casual,745
Spring,casual,177
Spring,casual,1462
Spring,casual,1710
Spring,casual,773
Spring,casual,678
Spring,casual,547
Spring,casual,569
Spring,casual,878
Spring,casual,1965
Spring,casual,1138
Spring,casual,847
Spring,casual,603
Spring,casual,255
Spring,casual,614
Spring,casual,894
Spring,casual,1612
Spring,casual,1401
Spring,casual,664
Spring,casual,694
Spring,casual,550
Spring,casual,695
Spring,casual,692
Spring,casual,902
Spring,casual,1582
Spring,casual,773
Spring,casual,678
Spring,casual,536
Spring,casual,735
Spring,casual,909
Spring,casual,2258
Spring,casual,1576
Spring,casual,836
Spring,casual,659
Spring,casual,740
Spring,casual,758
Spring,casual,871
Spring,casual,2001
Spring,casual,2355
Spring,casual,1549
Spring,casual,673
Spring,casual,513
Spring,casual,736
Spring,casual,898
Spring,casual,1869
Spring,casual,1685
Spring,casual,673
Spring,casual,763
Spring,casual,676
Spring,casual,563
Spring,casual,815
Spring,casual,1729
Spring,casual,1467
Spring,casual,863
Spring,casual,727
Spring,casual,769
Spring,casual,545
Spring,casual,863
Spring,casual,1807
Spring,casual,1639
Spring,casual,699
Summer,casual,774
Summer,casual,661
Summer,casual,746
Summer,casual,969
Summer,casual,1782
Summer,casual,1920
Summer,casual,854
Summer,casual,732
Summer,casual,848
Summer,casual,1027
Summer,casual,1246
Summer,casual,2204
Summer,casual,2282
Summer,casual,3065
Summer,casual,1031
Summer,casual,784
Summer,casual,754
Summer,casual,692
Summer,casual,1988
Summer,casual,1743
Summer,casual,723
Summer,casual,662
Summer,casual,748
Summer,casual,888
Summer,casual,1318
Summer,casual,2418
Summer,casual,2006
Summer,casual,841
Summer,casual,752
Summer,casual,644
Summer,casual,632
Summer,casual,562
Summer,casual,987
Summer,casual,1050
Summer,casual,568
Summer,casual,750
Summer,casual,755
Summer,casual,606
Summer,casual,670
Summer,casual,1559
Summer,casual,1524
Summer,casual,729
Summer,casual,801
Summer,casual,467
Summer,casual,799
Summer,casual,1023
Summer,casual,1521
Summer,casual,1298
Summer,casual,846
Summer,casual,907
Summer,casual,884
Summer,casual,812
Summer,casual,1051
Summer,casual,1504
Summer,casual,1338
Summer,casual,775
Summer,casual,721
Summer,casual,668
Summer,casual,639
Summer,casual,797
Summer,casual,1914
Summer,casual,1249
Summer,casual,833
Summer,casual,1281
Summer,casual,949
Summer,casual,435
Summer,casual,768
Summer,casual,226
Summer,casual,1415
Summer,casual,729
Summer,casual,775
Summer,casual,688
Summer,casual,783
Summer,casual,875
Summer,casual,1935
Summer,casual,2521
Summer,casual,1236
Summer,casual,204
Summer,casual,118
Summer,casual,153
Summer,casual,417
Summer,casual,1750
Summer,casual,1633
Summer,casual,690
Summer,casual,701
Summer,casual,647
Summer,casual,428
Summer,casual,742
Summer,casual,1434
Summer,casual,1353
Summer,casual,691
Summer,casual,438
Summer,casual,539
Summer,casual,555
Autumn,casual,258
Autumn,casual,1776
Autumn,casual,1544
Autumn,casual,684
Autumn,casual,477
Autumn,casual,480
Autumn,casual,653
Autumn,casual,830
Autumn,casual,480
Autumn,casual,616
Autumn,casual,330
Autumn,casual,486
Autumn,casual,559
Autumn,casual,639
Autumn,casual,949
Autumn,casual,2235
Autumn,casual,2397
Autumn,casual,1514
Autumn,casual,667
Autumn,casual,217
Autumn,casual,290
Autumn,casual,529
Autumn,casual,1899
Autumn,casual,1748
Autumn,casual,713
Autumn,casual,637
Autumn,casual,254
Autumn,casual,471
Autumn,casual,676
Autumn,casual,1499
Autumn,casual,1619
Autumn,casual,699
Autumn,casual,695
Autumn,casual,404
Autumn,casual,240
Autumn,casual,456
Autumn,casual,57
Autumn,casual,885
Autumn,casual,362
Autumn,casual,410
Autumn,casual,370
Autumn,casual,318
Autumn,casual,470
Autumn,casual,1156
Autumn,casual,952
Autumn,casual,373
Autumn,casual,376
Autumn,casual,305
Autumn,casual,190
Autumn,casual,440
Autumn,casual,1275
Autumn,casual,1004
Autumn,casual,595
Autumn,casual,449
Autumn,casual,145
Autumn,casual,139
Autumn,casual,245
Autumn,casual,943
Autumn,casual,787
Autumn,casual,220
Autumn,casual,69
Autumn,casual,112
Autumn,casual,560
Autumn,casual,1095
Autumn,casual,1249
Autumn,casual,810
Autumn,casual,253
Autumn,casual,96
Autumn,casual,188
Autumn,casual,182
Autumn,casual,268
Autumn,casual,706
Autumn,casual,634
Autumn,casual,233
Autumn,casual,126
Autumn,casual,50
Autumn,casual,150
Autumn,casual,261
Autumn,casual,502
Autumn,casual,377
Autumn,casual,143
Autumn,casual,155
Autumn,casual,178
Autumn,casual,181
Autumn,casual,178
Autumn,casual,275
Autumn,casual,220
Autumn,casual,260
Autumn,casual,216
Winter,casual,107
Winter,casual,227
Winter,casual,163
Winter,casual,155
Winter,casual,303
Winter,casual,430
Winter,casual,103
Winter,casual,255
Winter,casual,254
Winter,casual,491
Winter,casual,665
Winter,casual,686
Winter,casual,244
Winter,casual,89
Winter,casual,95
Winter,casual,140
Winter,casual,307
Winter,casual,1070
Winter,casual,599
Winter,casual,106
Winter,casual,173
Winter,casual,92
Winter,casual,269
Winter,casual,174
Winter,casual,333
Winter,casual,284
Winter,casual,217
Winter,casual,127
Winter,casual,109
Winter,casual,130
Winter,casual,115
Winter,casual,67
Winter,casual,196
Winter,casual,145
Winter,casual,439
Winter,casual,467
Winter,casual,244
Winter,casual,269
Winter,casual,775
Winter,casual,558
Winter,casual,126
Winter,casual,324
Winter,casual,304
Winter,casual,190
Winter,casual,310
Winter,casual,384
Winter,casual,318
Winter,casual,206
Winter,casual,199
Winter,casual,109
Winter,casual,163
Winter,casual,227
Winter,casual,192
Winter,casual,73
Winter,casual,94
Winter,casual,135
Winter,casual,141
Winter,casual,74
Winter,casual,349
Winter,casual,1435
Winter,casual,618
Winter,casual,502
Winter,casual,163
Winter,casual,394
Winter,casual,516
Winter,casual,246
Winter,casual,317
Winter,casual,515
Winter,casual,253
Winter,casual,229
Winter,casual,65
Winter,casual,325
Winter,casual,246
Winter,casual,956
Winter,casual,710
Winter,casual,203
Winter,casual,221
Winter,casual,432
Winter,casual,486
Winter,casual,447
Winter,casual,968
Winter,casual,1658
Winter,casual,838
Winter,casual,762
Winter,casual,997
Winter,casual,1005
Winter,casual,548
Winter,casual,3155
Winter,casual,2207
Winter,casual,982
Winter,casual,1051
Spring,casual,1122
Spring,casual,1334
Spring,casual,2469
Spring,casual,1033
Spring,casual,1532
Spring,casual,795
Spring,casual,531
Spring,casual,674
Spring,casual,834
Spring,casual,796
Spring,casual,2301
Spring,casual,2347
Spring,casual,1208
Spring,casual,1348
Spring,casual,1058
Spring,casual,1192
Spring,casual,1807
Spring,casual,3252
Spring,casual,2230
Spring,casual,905
Spring,casual,819
Spring,casual,482
Spring,casual,663
Spring,casual,1252
Spring,casual,2795
Spring,casual,2846
Spring,casual,1198
Spring,casual,989
Spring,casual,347
Spring,casual,846
Spring,casual,1340
Spring,casual,2541
Spring,casual,120
Spring,casual,195
Spring,casual,518
Spring,casual,655
Spring,casual,475
Spring,casual,1014
Spring,casual,1120
Spring,casual,2229
Spring,casual,665
Spring,casual,653
Spring,casual,667
Spring,casual,764
Spring,casual,1069
Spring,casual,2496
Spring,casual,2135
Spring,casual,1008
Spring,casual,738
Spring,casual,620
Spring,casual,1026
Spring,casual,1319
Spring,casual,2622
Spring,casual,2172
Spring,casual,342
Spring,casual,625
Spring,casual,991
Spring,casual,1242
Spring,casual,1521
Spring,casual,3410
Spring,casual,2704
Spring,casual,630
Spring,casual,819
Spring,casual,766
Spring,casual,1059
Spring,casual,1417
Spring,casual,2855
Spring,casual,3283
Spring,casual,2557
Spring,casual,880
Spring,casual,745
Spring,casual,1100
Spring,casual,533
Spring,casual,2795
Spring,casual,2494
Spring,casual,1071
Spring,casual,968
Spring,casual,1027
Spring,casual,1038
Spring,casual,1488
Spring,casual,2708
Spring,casual,2224
Spring,casual,1017
Spring,casual,477
Spring,casual,1173
Spring,casual,1180
Spring,casual,1563
Spring,casual,2963
Spring,casual,2634
Spring,casual,653
Spring,casual,968
Spring,casual,872
Summer,casual,778
Summer,casual,964
Summer,casual,2657
Summer,casual,2551
Summer,casual,1139
Summer,casual,1077
Summer,casual,1077
Summer,casual,921
Summer,casual,829
Summer,casual,1455
Summer,casual,1421
Summer,casual,904
Summer,casual,1052
Summer,casual,2562
Summer,casual,1405
Summer,casual,1366
Summer,casual,1448
Summer,casual,1203
Summer,casual,998
Summer,casual,954
Summer,casual,975
Summer,casual,1032
Summer,casual,1511
Summer,casual,2355
Summer,casual,1920
Summer,casual,1088
Summer,casual,921
Summer,casual,799
Summer,casual,888
Summer,casual,747
Summer,casual,1264
Summer,casual,2544
Summer,casual,1135
Summer,casual,1140
Summer,casual,1383
Summer,casual,1036
Summer,casual,1259
Summer,casual,2234
Summer,casual,2153
Summer,casual,1040
Summer,casual,968
Summer,casual,1074
Summer,casual,983
Summer,casual,1328
Summer,casual,2345
Summer,casual,1707
Summer,casual,1233
Summer,casual,1278
Summer,casual,1263
Summer,casual,1196
Summer,casual,1065
Summer,casual,2247
Summer,casual,2182
Summer,casual,1207
Summer,casual,1128
Summer,casual,1198
Summer,casual,1338
Summer,casual,1483
Summer,casual,2827
Summer,casual,1208
Summer,casual,1026
Summer,casual,1081
Summer,casual,1094
Summer,casual,1363
Summer,casual,1325
Summer,casual,1829
Summer,casual,1483
Summer,casual,989
Summer,casual,935
Summer,casual,1177
Summer,casual,1172
Summer,casual,1433
Summer,casual,2352
Summer,casual,2613
Summer,casual,1965
Summer,casual,867
Summer,casual,832
Summer,casual,611
Summer,casual,1045
Summer,casual,1557
Summer,casual,2570
Summer,casual,1118
Summer,casual,1070
Summer,casual,1050
Summer,casual,1054
Summer,casual,1379
Summer,casual,3160
Summer,casual,2166
Summer,casual,1022
Summer,casual,371
Summer,casual,788
Summer,casual,939
Summer,casual,1250
Summer,casual,2512
Autumn,casual,2454
Autumn,casual,1001
Autumn,casual,845
Autumn,casual,787
Autumn,casual,751
Autumn,casual,1045
Autumn,casual,2589
Autumn,casual,2015
Autumn,casual,763
Autumn,casual,315
Autumn,casual,728
Autumn,casual,891
Autumn,casual,1516
Autumn,casual,3031
Autumn,casual,781
Autumn,casual,874
Autumn,casual,601
Autumn,casual,780
Autumn,casual,834
Autumn,casual,1060
Autumn,casual,2252
Autumn,casual,2080
Autumn,casual,760
Autumn,casual,922
Autumn,casual,979
Autumn,casual,1008
Autumn,casual,753
Autumn,casual,2806
Autumn,casual,2132
Autumn,casual,830
Autumn,casual,841
Autumn,casual,795
Autumn,casual,875
Autumn,casual,1182
Autumn,casual,2643
Autumn,casual,998
Autumn,casual,2
Autumn,casual,87
Autumn,casual,419
Autumn,casual,466
Autumn,casual,618
Autumn,casual,1029
Autumn,casual,1201
Autumn,casual,378
Autumn,casual,466
Autumn,casual,326
Autumn,casual,340
Autumn,casual,709
Autumn,casual,2090
Autumn,casual,2290
Autumn,casual,1097
Autumn,casual,327
Autumn,casual,373
Autumn,casual,320
Autumn,casual,484
Autumn,casual,1313
Autumn,casual,922
Autumn,casual,449
Autumn,casual,534
Autumn,casual,615
Autumn,casual,955
Autumn,casual,1603
Autumn,casual,532
Autumn,casual,309
Autumn,casual,337
Autumn,casual,123
Autumn,casual,198
Autumn,casual,243
Autumn,casual,362
Autumn,casual,951
Autumn,casual,892
Autumn,casual,555
Autumn,casual,551
Autumn,casual,331
Autumn,casual,340
Autumn,casual,349
Autumn,casual,1153
Autumn,casual,441
Autumn,casual,329
Autumn,casual,282
Autumn,casual,310
Autumn,casual,425
Autumn,casual,429
Autumn,casual,767
Autumn,casual,538
Autumn,casual,212
Autumn,casual,433
Autumn,casual,333
Autumn,casual,314
Winter,casual,221
Winter,casual,205
Winter,casual,408
Winter,casual,174
Winter,casual,440
Winter,casual,9
Winter,casual,247
Winter,casual,644
Winter,casual,159
Winter,casual,364
Winter,casual,439
Winter,registered,654
Winter,registered,670
Winter,registered,1229
Winter,registered,1454
Winter,registered,1518
Winter,registered,1518
Winter,registered,1362
Winter,registered,891
Winter,registered,768
Winter,registered,1280
Winter,registered,1220
Winter,registered,1137
Winter,registered,1368
Winter,registered,1367
Winter,registered,1026
Winter,registered,953
Winter,registered,883
Winter,registered,674
Winter,registered,1572
Winter,registered,1844
Winter,registered,1468
Winter,registered,888
Winter,registered,836
Winter,registered,1330
Winter,registered,1799
Winter,registered,472
Winter,registered,416
Winter,registered,1129
Winter,registered,975
Winter,registered,956
Winter,registered,1459
Winter,registered,1313
Winter,registered,1454
Winter,registered,1489
Winter,registered,1620
Winter,registered,905
Winter,registered,1269
Winter,registered,1592
Winter,registered,1466
Winter,registered,1552
Winter,registered,1491
Winter,registered,1597
Winter,registered,1184
Winter,registered,1192
Winter,registered,1705
Winter,registered,1675
Winter,registered,1897
Winter,registered,2216
Winter,registered,2348
Winter,registered,1103
Winter,registered,1173
Winter,registered,912
Winter,registered,1376
Winter,registered,1778
Winter,registered,1707
Winter,registered,1341
Winter,registered,1545
Winter,registered,1708
Winter,registered,1365
Winter,registered,1714
Winter,registered,1903
Winter,registered,1562
Winter,registered,1730
Winter,registered,1437
Winter,registered,491
Winter,registered,1628
Winter,registered,1817
Winter,registered,1700
Winter,registered,577
Winter,registered,1730
Winter,registered,1408
Winter,registered,1435
Winter,registered,1687
Winter,registered,1767
Winter,registered,1871
Winter,registered,2320
Winter,registered,2355
Winter,registered,1693
Winter,registered,1424
Spring,registered,1676
Spring,registered,2243
Spring,registered,1918
Spring,registered,1699
Spring,registered,1910
Spring,registered,1515
Spring,registered,1221
Spring,registered,1806
Spring,registered,2108
Spring,registered,1368
Spring,registered,1506
Spring,registered,1920
Spring,registered,1354
Spring,registered,1598
Spring,registered,2381
Spring,registered,1628
Spring,registered,2395
Spring,registered,2570
Spring,registered,1299
Spring,registered,1576
Spring,registered,1707
Spring,registered,2493
Spring,registered,1777
Spring,registered,1953
Spring,registered,2738
Spring,registered,2484
Spring,registered,674
Spring,registered,2186
Spring,registered,2760
Spring,registered,2795
Spring,registered,3331
Spring,registered,3444
Spring,registered,1506
Spring,registered,2574
Spring,registered,2481
Spring,registered,3300
Spring,registered,3722
Spring,registered,3325
Spring,registered,3489
Spring,registered,3717
Spring,registered,3347
Spring,registered,2213
Spring,registered,3554
Spring,registered,3848
Spring,registered,2378
Spring,registered,3819
Spring,registered,3714
Spring,registered,3102
Spring,registered,2932
Spring,registered,3698
Spring,registered,4109
Spring,registered,3632
Spring,registered,4169
Spring,registered,3413
Spring,registered,2507
Spring,registered,2971
Spring,registered,3185
Spring,registered,3445
Spring,registered,3319
Spring,registered,3840
Spring,registered,4008
Spring,registered,3547
Spring,registered,3084
Spring,registered,3438
Spring,registered,3833
Spring,registered,4238
Spring,registered,3919
Spring,registered,3808
Spring,registered,2757
Spring,registered,2433
Spring,registered,2549
Spring,registered,3309
Spring,registered,3461
Spring,registered,4232
Spring,registered,4414
Spring,registered,3473
Spring,registered,3221
Spring,registered,3875
Spring,registered,4070
Spring,registered,3725
Spring,registered,3352
Spring,registered,3771
Spring,registered,3237
Spring,registered,2993
Spring,registered,4157
Spring,registered,4164
Spring,registered,4411
Spring,registered,3222
Spring,registered,3981
Spring,registered,3312
Spring,registered,3105
Spring,registered,3311
Summer,registered,4061
Summer,registered,3846
Summer,registered,4044
Summer,registered,4022
Summer,registered,3420
Summer,registered,3385
Summer,registered,3854
Summer,registered,3916
Summer,registered,4377
Summer,registered,4488
Summer,registered,4116
Summer,registered,2915
Summer,registered,2367
Summer,registered,2978
Summer,registered,3634
Summer,registered,3845
Summer,registered,3838
Summer,registered,3348
Summer,registered,3348
Summer,registered,3138
Summer,registered,3363
Summer,registered,3596
Summer,registered,3594
Summer,registered,4196
Summer,registered,4220
Summer,registered,3505
Summer,registered,3296
Summer,registered,3617
Summer,registered,3789
Summer,registered,3688
Summer,registered,3152
Summer,registered,2825
Summer,registered,2298
Summer,registered,2556
Summer,registered,3272
Summer,registered,3840
Summer,registered,3901
Summer,registered,3784
Summer,registered,3176
Summer,registered,2916
Summer,registered,2778
Summer,registered,3537
Summer,registered,4044
Summer,registered,3107
Summer,registered,3777
Summer,registered,3843
Summer,registered,2773
Summer,registered,2487
Summer,registered,3480
Summer,registered,3695
Summer,registered,3896
Summer,registered,3980
Summer,registered,3854
Summer,registered,2646
Summer,registered,2482
Summer,registered,3563
Summer,registered,4004
Summer,registered,4026
Summer,registered,3166
Summer,registered,3356
Summer,registered,3277
Summer,registered,2624
Summer,registered,3925
Summer,registered,4614
Summer,registered,4181
Summer,registered,3107
Summer,registered,3893
Summer,registered,889
Summer,registered,2919
Summer,registered,3905
Summer,registered,4429
Summer,registered,4370
Summer,registered,4332
Summer,registered,3852
Summer,registered,2549
Summer,registered,2419
Summer,registered,2115
Summer,registered,2506
Summer,registered,1878
Summer,registered,1689
Summer,registered,3127
Summer,registered,3595
Summer,registered,3413
Summer,registered,4023
Summer,registered,4062
Summer,registered,4138
Summer,registered,3231
Summer,registered,4018
Summer,registered,3077
Summer,registered,2921
Summer,registered,3848
Summer,registered,3203
Summer,registered,3813
Summer,registered,4240
Autumn,registered,2137
Autumn,registered,3647
Autumn,registered,3466
Autumn,registered,3946
Autumn,registered,3643
Autumn,registered,3427
Autumn,registered,4186
Autumn,registered,4372
Autumn,registered,1949
Autumn,registered,2302
Autumn,registered,3240
Autumn,registered,3970
Autumn,registered,4267
Autumn,registered,4126
Autumn,registered,4036
Autumn,registered,3174
Autumn,registered,3114
Autumn,registered,3603
Autumn,registered,3896
Autumn,registered,2199
Autumn,registered,2623
Autumn,registered,3115
Autumn,registered,3318
Autumn,registered,3293
Autumn,registered,3857
Autumn,registered,4111
Autumn,registered,2170
Autumn,registered,3724
Autumn,registered,3628
Autumn,registered,2809
Autumn,registered,2762
Autumn,registered,3488
Autumn,registered,3992
Autumn,registered,3490
Autumn,registered,2419
Autumn,registered,3291
Autumn,registered,570
Autumn,registered,2446
Autumn,registered,3307
Autumn,registered,3658
Autumn,registered,3816
Autumn,registered,3656
Autumn,registered,3576
Autumn,registered,2770
Autumn,registered,2697
Autumn,registered,3662
Autumn,registered,3829
Autumn,registered,3804
Autumn,registered,2743
Autumn,registered,2928
Autumn,registered,2792
Autumn,registered,2713
Autumn,registered,3891
Autumn,registered,3746
Autumn,registered,1672
Autumn,registered,2914
Autumn,registered,3147
Autumn,registered,2720
Autumn,registered,2733
Autumn,registered,2545
Autumn,registered,1538
Autumn,registered,2454
Autumn,registered,935
Autumn,registered,1697
Autumn,registered,1819
Autumn,registered,2261
Autumn,registered,3614
Autumn,registered,2818
Autumn,registered,3425
Autumn,registered,3545
Autumn,registered,3672
Autumn,registered,2908
Autumn,registered,2851
Autumn,registered,3578
Autumn,registered,2468
Autumn,registered,655
Autumn,registered,3172
Autumn,registered,3359
Autumn,registered,2688
Autumn,registered,2366
Autumn,registered,3167
Autumn,registered,3368
Autumn,registered,3562
Autumn,registered,3528
Autumn,registered,3399
Autumn,registered,2464
Autumn,registered,2211
Autumn,registered,3143
Autumn,registered,3534
Winter,registered,2553
Winter,registered,2841
Winter,registered,2046
Winter,registered,856
Winter,registered,451
Winter,registered,887
Winter,registered,1059
Winter,registered,2047
Winter,registered,2169
Winter,registered,2508
Winter,registered,1820
Winter,registered,1608
Winter,registered,1707
Winter,registered,2147
Winter,registered,2273
Winter,registered,3132
Winter,registered,3791
Winter,registered,3451
Winter,registered,2826
Winter,registered,2270
Winter,registered,3425
Winter,registered,2085
Winter,registered,3828
Winter,registered,3040
Winter,registered,2160
Winter,registered,2027
Winter,registered,2081
Winter,registered,2808
Winter,registered,3267
Winter,registered,3162
Winter,registered,3048
Winter,registered,1234
Winter,registered,1781
Winter,registered,2287
Winter,registered,3900
Winter,registered,3803
Winter,registered,3831
Winter,registered,3187
Winter,registered,3248
Winter,registered,2685
Winter,registered,3498
Winter,registered,4185
Winter,registered,4275
Winter,registered,3571
Winter,registered,3841
Winter,registered,2448
Winter,registered,2629
Winter,registered,3578
Winter,registered,4176
Winter,registered,2693
Winter,registered,3667
Winter,registered,3604
Winter,registered,1977
Winter,registered,1456
Winter,registered,3328
Winter,registered,3787
Winter,registered,4028
Winter,registered,2931
Winter,registered,3805
Winter,registered,2883
Winter,registered,2071
Winter,registered,2627
Winter,registered,3614
Winter,registered,4379
Winter,registered,4546
Winter,registered,3241
Winter,registered,2415
Winter,registered,2874
Winter,registered,4069
Winter,registered,4134
Winter,registered,1769
Winter,registered,4665
Winter,registered,2948
Winter,registered,3110
Winter,registered,2713
Winter,registered,3130
Winter,registered,3735
Winter,registered,4484
Winter,registered,4896
Winter,registered,4122
Winter,registered,3150
Winter,registered,3253
Winter,registered,4460
Winter,registered,5085
Winter,registered,5315
Winter,registered,5187
Winter,registered,3830
Winter,registered,4681
Winter,registered,3685
Winter,registered,5171
Winter,registered,5042
Spring,registered,5108
Spring,registered,5537
Spring,registered,5893
Spring,registered,2339
Spring,registered,3464
Spring,registered,4763
Spring,registered,4571
Spring,registered,5024
Spring,registered,5299
Spring,registered,4663
Spring,registered,3934
Spring,registered,3694
Spring,registered,4728
Spring,registered,5424
Spring,registered,5378
Spring,registered,5265
Spring,registered,4653
Spring,registered,3605
Spring,registered,2939
Spring,registered,4680
Spring,registered,5099
Spring,registered,4380
Spring,registered,4746
Spring,registered,5146
Spring,registered,4665
Spring,registered,4286
Spring,registered,5172
Spring,registered,5702
Spring,registered,4020
Spring,registered,5719
Spring,registered,5950
Spring,registered,4083
Spring,registered,907
Spring,registered,3019
Spring,registered,5115
Spring,registered,5541
Spring,registered,4551
Spring,registered,5219
Spring,registered,3100
Spring,registered,4075
Spring,registered,4907
Spring,registered,5087
Spring,registered,5502
Spring,registered,5657
Spring,registered,5227
Spring,registered,4387
Spring,registered,4224
Spring,registered,5265
Spring,registered,4990
Spring,registered,4097
Spring,registered,5546
Spring,registered,5711
Spring,registered,4807
Spring,registered,3946
Spring,registered,2501
Spring,registered,4490
Spring,registered,6433
Spring,registered,6142
Spring,registered,6118
Spring,registered,4884
Spring,registered,4425
Spring,registered,3729
Spring,registered,5254
Spring,registered,4494
Spring,registered,5711
Spring,registered,5317
Spring,registered,3681
Spring,registered,3308
Spring,registered,3486
Spring,registered,4863
Spring,registered,6110
Spring,registered,6238
Spring,registered,3594
Spring,registered,5325
Spring,registered,5147
Spring,registered,5927
Spring,registered,6033
Spring,registered,6028
Spring,registered,6456
Spring,registered,6248
Spring,registered,4790
Spring,registered,4374
Spring,registered,5647
Spring,registered,4495
Spring,registered,6248
Spring,registered,6183
Spring,registered,6102
Spring,registered,4739
Spring,registered,4344
Spring,registered,4446
Spring,registered,5857
Spring,registered,5339
Summer,registered,5127
Summer,registered,4859
Summer,registered,4801
Summer,registered,4340
Summer,registered,5640
Summer,registered,6365
Summer,registered,6258
Summer,registered,5958
Summer,registered,4634
Summer,registered,4232
Summer,registered,4110
Summer,registered,5323
Summer,registered,5608
Summer,registered,4841
Summer,registered,4836
Summer,registered,4841
Summer,registered,3392
Summer,registered,3469
Summer,registered,5571
Summer,registered,5336
Summer,registered,6289
Summer,registered,6414
Summer,registered,5988
Summer,registered,4614
Summer,registered,4111
Summer,registered,5742
Summer,registered,5865
Summer,registered,4914
Summer,registered,5703
Summer,registered,5123
Summer,registered,3195
Summer,registered,4866
Summer,registered,5831
Summer,registered,6452
Summer,registered,6790
Summer,registered,5825
Summer,registered,5645
Summer,registered,4451
Summer,registered,4444
Summer,registered,6065
Summer,registered,6248
Summer,registered,6506
Summer,registered,6278
Summer,registered,5847
Summer,registered,4479
Summer,registered,3757
Summer,registered,5780
Summer,registered,5995
Summer,registered,6271
Summer,registered,6090
Summer,registered,4721
Summer,registered,4052
Summer,registered,4362
Summer,registered,5676
Summer,registered,5656
Summer,registered,6149
Summer,registered,6267
Summer,registered,5665
Summer,registered,5038
Summer,registered,3341
Summer,registered,5504
Summer,registered,5925
Summer,registered,6281
Summer,registered,6402
Summer,registered,6257
Summer,registered,4224
Summer,registered,3772
Summer,registered,5928
Summer,registered,6105
Summer,registered,6520
Summer,registered,6541
Summer,registered,5917
Summer,registered,3788
Summer,registered,3197
Summer,registered,4069
Summer,registered,5997
Summer,registered,6280
Summer,registered,5592
Summer,registered,6459
Summer,registered,4419
Summer,registered,5657
Summer,registered,6407
Summer,registered,6697
Summer,registered,6820
Summer,registered,6750
Summer,registered,6630
Summer,registered,5554
Summer,registered,5167
Summer,registered,5847
Summer,registered,3702
Summer,registered,6803
Summer,registered,6781
Summer,registered,6917
Summer,registered,5883
Autumn,registered,5453
Autumn,registered,6435
Autumn,registered,6693
Autumn,registered,6946
Autumn,registered,6642
Autumn,registered,6370
Autumn,registered,5966
Autumn,registered,4874
Autumn,registered,6015
Autumn,registered,4324
Autumn,registered,6844
Autumn,registered,6437
Autumn,registered,6640
Autumn,registered,4934
Autumn,registered,2729
Autumn,registered,4604
Autumn,registered,5791
Autumn,registered,6911
Autumn,registered,6736
Autumn,registered,6222
Autumn,registered,4857
Autumn,registered,4559
Autumn,registered,5115
Autumn,registered,6612
Autumn,registered,6482
Autumn,registered,6501
Autumn,registered,4671
Autumn,registered,5284
Autumn,registered,4692
Autumn,registered,6228
Autumn,registered,6625
Autumn,registered,6898
Autumn,registered,6484
Autumn,registered,6262
Autumn,registered,5209
Autumn,registered,3461
Autumn,registered,20
Autumn,registered,1009
Autumn,registered,5147
Autumn,registered,5520
Autumn,registered,5229
Autumn,registered,4109
Autumn,registered,3906
Autumn,registered,4881
Autumn,registered,5220
Autumn,registered,4709
Autumn,registered,4975
Autumn,registered,5283
Autumn,registered,4446
Autumn,registered,4562
Autumn,registered,5172
Autumn,registered,3767
Autumn,registered,5122
Autumn,registered,5125
Autumn,registered,5214
Autumn,registered,4316
Autumn,registered,3747
Autumn,registered,5050
Autumn,registered,5100
Autumn,registered,4531
Autumn,registered,1470
Autumn,registered,2307
Autumn,registered,1745
Autumn,registered,2115
Autumn,registered,4750
Autumn,registered,3836
Autumn,registered,5062
Autumn,registered,5080
Autumn,registered,5306
Autumn,registered,4240
Autumn,registered,3757
Autumn,registered,5679
Autumn,registered,6055
Autumn,registered,5398
Autumn,registered,5035
Autumn,registered,4659
Autumn,registered,4429
Autumn,registered,2787
Autumn,registered,4841
Autumn,registered,5219
Autumn,registered,5009
Autumn,registered,5107
Autumn,registered,5182
Autumn,registered,4280
Autumn,registered,3248
Autumn,registered,4373
Autumn,registered,5124
Autumn,registered,4934
Autumn,registered,3814
Winter,registered,3402
Winter,registered,1544
Winter,registered,1379
Winter,registered,746
Winter,registered,573
Winter,registered,432
Winter,registered,1867
Winter,registered,2451
Winter,registered,1182
Winter,registered,1432
Winter,registered,2290
Winter,Total,985
Winter,Total,801
Winter,Total,1349
Winter,Total,1562
Winter,Total,1600
Winter,Total,1606
Winter,Total,1510
Winter,Total,959
Winter,Total,822
Winter,Total,1321
Winter,Total,1263
Winter,Total,1162
Winter,Total,1406
Winter,Total,1421
Winter,Total,1248
Winter,Total,1204
Winter,Total,1000
Winter,Total,683
Winter,Total,1650
Winter,Total,1927
Winter,Total,1543
Winter,Total,981
Winter,Total,986
Winter,Total,1416
Winter,Total,1985
Winter,Total,506
Winter,Total,431
Winter,Total,1167
Winter,Total,1098
Winter,Total,1096
Winter,Total,1501
Winter,Total,1360
Winter,Total,1526
Winter,Total,1550
Winter,Total,1708
Winter,Total,1005
Winter,Total,1623
Winter,Total,1712
Winter,Total,1530
Winter,Total,1605
Winter,Total,1538
Winter,Total,1746
Winter,Total,1472
Winter,Total,1589
Winter,Total,1913
Winter,Total,1815
Winter,Total,2115
Winter,Total,2475
Winter,Total,2927
Winter,Total,1635
Winter,Total,1812
Winter,Total,1107
Winter,Total,1450
Winter,Total,1917
Winter,Total,1807
Winter,Total,1461
Winter,Total,1969
Winter,Total,2402
Winter,Total,1446
Winter,Total,1851
Winter,Total,2134
Winter,Total,1685
Winter,Total,1944
Winter,Total,2077
Winter,Total,605
Winter,Total,1872
Winter,Total,2133
Winter,Total,1891
Winter,Total,623
Winter,Total,1977
Winter,Total,2132
Winter,Total,2417
Winter,Total,2046
Winter,Total,2056
Winter,Total,2192
Winter,Total,2744
Winter,Total,3239
Winter,Total,3117
Winter,Total,2471
Spring,Total,2077
Spring,Total,2703
Spring,Total,2121
Spring,Total,1865
Spring,Total,2210
Spring,Total,2496
Spring,Total,1693
Spring,Total,2028
Spring,Total,2425
Spring,Total,1536
Spring,Total,1685
Spring,Total,2227
Spring,Total,2252
Spring,Total,3249
Spring,Total,3115
Spring,Total,1795
Spring,Total,2808
Spring,Total,3141
Spring,Total,1471
Spring,Total,2455
Spring,Total,2895
Spring,Total,3348
Spring,Total,2034
Spring,Total,2162
Spring,Total,3267
Spring,Total,3126
Spring,Total,795
Spring,Total,3744
Spring,Total,3429
Spring,Total,3204
Spring,Total,3944
Spring,Total,4189
Spring,Total,1683
Spring,Total,4036
Spring,Total,4191
Spring,Total,4073
Spring,Total,4400
Spring,Total,3872
Spring,Total,4058
Spring,Total,4595
Spring,Total,5312
Spring,Total,3351
Spring,Total,4401
Spring,Total,4451
Spring,Total,2633
Spring,Total,4433
Spring,Total,4608
Spring,Total,4714
Spring,Total,4333
Spring,Total,4362
Spring,Total,4803
Spring,Total,4182
Spring,Total,4864
Spring,Total,4105
Spring,Total,3409
Spring,Total,4553
Spring,Total,3958
Spring,Total,4123
Spring,Total,3855
Spring,Total,4575
Spring,Total,4917
Spring,Total,5805
Spring,Total,4660
Spring,Total,4274
Spring,Total,4492
Spring,Total,4978
Spring,Total,4677
Spring,Total,4679
Spring,Total,4758
Spring,Total,4788
Spring,Total,4098
Spring,Total,3982
Spring,Total,3974
Spring,Total,4968
Spring,Total,5312
Spring,Total,5342
Spring,Total,4906
Spring,Total,4548
Spring,Total,4833
Spring,Total,4401
Spring,Total,3915
Spring,Total,4586
Spring,Total,4966
Spring,Total,4460
Spring,Total,5020
Spring,Total,4891
Spring,Total,5180
Spring,Total,3767
Spring,Total,4844
Spring,Total,5119
Spring,Total,4744
Spring,Total,4010
Summer,Total,4835
Summer,Total,4507
Summer,Total,4790
Summer,Total,4991
Summer,Total,5202
Summer,Total,5305
Summer,Total,4708
Summer,Total,4648
Summer,Total,5225
Summer,Total,5515
Summer,Total,5362
Summer,Total,5119
Summer,Total,4649
Summer,Total,6043
Summer,Total,4665
Summer,Total,4629
Summer,Total,4592
Summer,Total,4040
Summer,Total,5336
Summer,Total,4881
Summer,Total,4086
Summer,Total,4258
Summer,Total,4342
Summer,Total,5084
Summer,Total,5538
Summer,Total,5923
Summer,Total,5302
Summer,Total,4458
Summer,Total,4541
Summer,Total,4332
Summer,Total,3784
Summer,Total,3387
Summer,Total,3285
Summer,Total,3606
Summer,Total,3840
Summer,Total,4590
Summer,Total,4656
Summer,Total,4390
Summer,Total,3846
Summer,Total,4475
Summer,Total,4302
Summer,Total,4266
Summer,Total,4845
Summer,Total,3574
Summer,Total,4576
Summer,Total,4866
Summer,Total,4294
Summer,Total,3785
Summer,Total,4326
Summer,Total,4602
Summer,Total,4780
Summer,Total,4792
Summer,Total,4905
Summer,Total,4150
Summer,Total,3820
Summer,Total,4338
Summer,Total,4725
Summer,Total,4694
Summer,Total,3805
Summer,Total,4153
Summer,Total,5191
Summer,Total,3873
Summer,Total,4758
Summer,Total,5895
Summer,Total,5130
Summer,Total,3542
Summer,Total,4661
Summer,Total,1115
Summer,Total,4334
Summer,Total,4634
Summer,Total,5204
Summer,Total,5058
Summer,Total,5115
Summer,Total,4727
Summer,Total,4484
Summer,Total,4940
Summer,Total,3351
Summer,Total,2710
Summer,Total,1996
Summer,Total,1842
Summer,Total,3544
Summer,Total,5345
Summer,Total,5046
Summer,Total,4713
Summer,Total,4763
Summer,Total,4785
Summer,Total,3659
Summer,Total,4760
Summer,Total,4511
Summer,Total,4274
Summer,Total,4539
Summer,Total,3641
Summer,Total,4352
Summer,Total,4795
Autumn,Total,2395
Autumn,Total,5423
Autumn,Total,5010
Autumn,Total,4630
Autumn,Total,4120
Autumn,Total,3907
Autumn,Total,4839
Autumn,Total,5202
Autumn,Total,2429
Autumn,Total,2918
Autumn,Total,3570
Autumn,Total,4456
Autumn,Total,4826
Autumn,Total,4765
Autumn,Total,4985
Autumn,Total,5409
Autumn,Total,5511
Autumn,Total,5117
Autumn,Total,4563
Autumn,Total,2416
Autumn,Total,2913
Autumn,Total,3644
Autumn,Total,5217
Autumn,Total,5041
Autumn,Total,4570
Autumn,Total,4748
Autumn,Total,2424
Autumn,Total,4195
Autumn,Total,4304
Autumn,Total,4308
Autumn,Total,4381
Autumn,Total,4187
Autumn,Total,4687
Autumn,Total,3894
Autumn,Total,2659
Autumn,Total,3747
Autumn,Total,627
Autumn,Total,3331
Autumn,Total,3669
Autumn,Total,4068
Autumn,Total,4186
Autumn,Total,3974
Autumn,Total,4046
Autumn,Total,3926
Autumn,Total,3649
Autumn,Total,4035
Autumn,Total,4205
Autumn,Total,4109
Autumn,Total,2933
Autumn,Total,3368
Autumn,Total,4067
Autumn,Total,3717
Autumn,Total,4486
Autumn,Total,4195
Autumn,Total,1817
Autumn,Total,3053
Autumn,Total,3392
Autumn,Total,3663
Autumn,Total,3520
Autumn,Total,2765
Autumn,Total,1607
Autumn,Total,2566
Autumn,Total,1495
Autumn,Total,2792
Autumn,Total,3068
Autumn,Total,3071
Autumn,Total,3867
Autumn,Total,2914
Autumn,Total,3613
Autumn,Total,3727
Autumn,Total,3940
Autumn,Total,3614
Autumn,Total,3485
Autumn,Total,3811
Autumn,Total,2594
Autumn,Total,705
Autumn,Total,3322
Autumn,Total,3620
Autumn,Total,3190
Autumn,Total,2743
Autumn,Total,3310
Autumn,Total,3523
Autumn,Total,3740
Autumn,Total,3709
Autumn,Total,3577
Autumn,Total,2739
Autumn,Total,2431
Autumn,Total,3403
Autumn,Total,3750
Winter,Total,2660
Winter,Total,3068
Winter,Total,2209
Winter,Total,1011
Winter,Total,754
Winter,Total,1317
Winter,Total,1162
Winter,Total,2302
Winter,Total,2423
Winter,Total,2999
Winter,Total,2485
Winter,Total,2294
Winter,Total,1951
Winter,Total,2236
Winter,Total,2368
Winter,Total,3272
Winter,Total,4098
Winter,Total,4521
Winter,Total,3425
Winter,Total,2376
Winter,Total,3598
Winter,Total,2177
Winter,Total,4097
Winter,Total,3214
Winter,Total,2493
Winter,Total,2311
Winter,Total,2298
Winter,Total,2935
Winter,Total,3376
Winter,Total,3292
Winter,Total,3163
Winter,Total,1301
Winter,Total,1977
Winter,Total,2432
Winter,Total,4339
Winter,Total,4270
Winter,Total,4075
Winter,Total,3456
Winter,Total,4023
Winter,Total,3243
Winter,Total,3624
Winter,Total,4509
Winter,Total,4579
Winter,Total,3761
Winter,Total,4151
Winter,Total,2832
Winter,Total,2947
Winter,Total,3784
Winter,Total,4375
Winter,Total,2802
Winter,Total,3830
Winter,Total,3831
Winter,Total,2169
Winter,Total,1529
Winter,Total,3422
Winter,Total,3922
Winter,Total,4169
Winter,Total,3005
Winter,Total,4154
Winter,Total,4318
Winter,Total,2689
Winter,Total,3129
Winter,Total,3777
Winter,Total,4773
Winter,Total,5062
Winter,Total,3487
Winter,Total,2732
Winter,Total,3389
Winter,Total,4322
Winter,Total,4363
Winter,Total,1834
Winter,Total,4990
Winter,Total,3194
Winter,Total,4066
Winter,Total,3423
Winter,Total,3333
Winter,Total,3956
Winter,Total,4916
Winter,Total,5382
Winter,Total,4569
Winter,Total,4118
Winter,Total,4911
Winter,Total,5298
Winter,Total,5847
Winter,Total,6312
Winter,Total,6192
Winter,Total,4378
Winter,Total,7836
Winter,Total,5892
Winter,Total,6153
Winter,Total,6093
Spring,Total,6230
Spring,Total,6871
Spring,Total,8362
Spring,Total,3372
Spring,Total,4996
Spring,Total,5558
Spring,Total,5102
Spring,Total,5698
Spring,Total,6133
Spring,Total,5459
Spring,Total,6235
Spring,Total,6041
Spring,Total,5936
Spring,Total,6772
Spring,Total,6436
Spring,Total,6457
Spring,Total,6460
Spring,Total,6857
Spring,Total,5169
Spring,Total,5585
Spring,Total,5918
Spring,Total,4862
Spring,Total,5409
Spring,Total,6398
Spring,Total,7460
Spring,Total,7132
Spring,Total,6370
Spring,Total,6691
Spring,Total,4367
Spring,Total,6565
Spring,Total,7290
Spring,Total,6624
Spring,Total,1027
Spring,Total,3214
Spring,Total,5633
Spring,Total,6196
Spring,Total,5026
Spring,Total,6233
Spring,Total,4220
Spring,Total,6304
Spring,Total,5572
Spring,Total,5740
Spring,Total,6169
Spring,Total,6421
Spring,Total,6296
Spring,Total,6883
Spring,Total,6359
Spring,Total,6273
Spring,Total,5728
Spring,Total,4717
Spring,Total,6572
Spring,Total,7030
Spring,Total,7429
Spring,Total,6118
Spring,Total,2843
Spring,Total,5115
Spring,Total,7424
Spring,Total,7384
Spring,Total,7639
Spring,Total,8294
Spring,Total,7129
Spring,Total,4359
Spring,Total,6073
Spring,Total,5260
Spring,Total,6770
Spring,Total,6734
Spring,Total,6536
Spring,Total,6591
Spring,Total,6043
Spring,Total,5743
Spring,Total,6855
Spring,Total,7338
Spring,Total,4127
Spring,Total,8120
Spring,Total,7641
Spring,Total,6998
Spring,Total,7001
Spring,Total,7055
Spring,Total,7494
Spring,Total,7736
Spring,Total,7498
Spring,Total,6598
Spring,Total,6664
Spring,Total,4972
Spring,Total,7421
Spring,Total,7363
Spring,Total,7665
Spring,Total,7702
Spring,Total,6978
Spring,Total,5099
Spring,Total,6825
Spring,Total,6211
Summer,Total,5905
Summer,Total,5823
Summer,Total,7458
Summer,Total,6891
Summer,Total,6779
Summer,Total,7442
Summer,Total,7335
Summer,Total,6879
Summer,Total,5463
Summer,Total,5687
Summer,Total,5531
Summer,Total,6227
Summer,Total,6660
Summer,Total,7403
Summer,Total,6241
Summer,Total,6207
Summer,Total,4840
Summer,Total,4672
Summer,Total,6569
Summer,Total,6290
Summer,Total,7264
Summer,Total,7446
Summer,Total,7499
Summer,Total,6969
Summer,Total,6031
Summer,Total,6830
Summer,Total,6786
Summer,Total,5713
Summer,Total,6591
Summer,Total,5870
Summer,Total,4459
Summer,Total,7410
Summer,Total,6966
Summer,Total,7592
Summer,Total,8173
Summer,Total,6861
Summer,Total,6904
Summer,Total,6685
Summer,Total,6597
Summer,Total,7105
Summer,Total,7216
Summer,Total,7580
Summer,Total,7261
Summer,Total,7175
Summer,Total,6824
Summer,Total,5464
Summer,Total,7013
Summer,Total,7273
Summer,Total,7534
Summer,Total,7286
Summer,Total,5786
Summer,Total,6299
Summer,Total,6544
Summer,Total,6883
Summer,Total,6784
Summer,Total,7347
Summer,Total,7605
Summer,Total,7148
Summer,Total,7865
Summer,Total,4549
Summer,Total,6530
Summer,Total,7006
Summer,Total,7375
Summer,Total,7765
Summer,Total,7582
Summer,Total,6053
Summer,Total,5255
Summer,Total,6917
Summer,Total,7040
Summer,Total,7697
Summer,Total,7713
Summer,Total,7350
Summer,Total,6140
Summer,Total,5810
Summer,Total,6034
Summer,Total,6864
Summer,Total,7112
Summer,Total,6203
Summer,Total,7504
Summer,Total,5976
Summer,Total,8227
Summer,Total,7525
Summer,Total,7767
Summer,Total,7870
Summer,Total,7804
Summer,Total,8009
Summer,Total,8714
Summer,Total,7333
Summer,Total,6869
Summer,Total,4073
Summer,Total,7591
Summer,Total,7720
Summer,Total,8167
Summer,Total,8395
Autumn,Total,7907
Autumn,Total,7436
Autumn,Total,7538
Autumn,Total,7733
Autumn,Total,7393
Autumn,Total,7415
Autumn,Total,8555
Autumn,Total,6889
Autumn,Total,6778
Autumn,Total,4639
Autumn,Total,7572
Autumn,Total,7328
Autumn,Total,8156
Autumn,Total,7965
Autumn,Total,3510
Autumn,Total,5478
Autumn,Total,6392
Autumn,Total,7691
Autumn,Total,7570
Autumn,Total,7282
Autumn,Total,7109
Autumn,Total,6639
Autumn,Total,5875
Autumn,Total,7534
Autumn,Total,7461
Autumn,Total,7509
Autumn,Total,5424
Autumn,Total,8090
Autumn,Total,6824
Autumn,Total,7058
Autumn,Total,7466
Autumn,Total,7693
Autumn,Total,7359
Autumn,Total,7444
Autumn,Total,7852
Autumn,Total,4459
Autumn,Total,22
Autumn,Total,1096
Autumn,Total,5566
Autumn,Total,5986
Autumn,Total,5847
Autumn,Total,5138
Autumn,Total,5107
Autumn,Total,5259
Autumn,Total,5686
Autumn,Total,5035
Autumn,Total,5315
Autumn,Total,5992
Autumn,Total,6536
Autumn,Total,6852
Autumn,Total,6269
Autumn,Total,4094
Autumn,Total,5495
Autumn,Total,5445
Autumn,Total,5698
Autumn,Total,5629
Autumn,Total,4669
Autumn,Total,5499
Autumn,Total,5634
Autumn,Total,5146
Autumn,Total,2425
Autumn,Total,3910
Autumn,Total,2277
Autumn,Total,2424
Autumn,Total,5087
Autumn,Total,3959
Autumn,Total,5260
Autumn,Total,5323
Autumn,Total,5668
Autumn,Total,5191
Autumn,Total,4649
Autumn,Total,6234
Autumn,Total,6606
Autumn,Total,5729
Autumn,Total,5375
Autumn,Total,5008
Autumn,Total,5582
Autumn,Total,3228
Autumn,Total,5170
Autumn,Total,5501
Autumn,Total,5319
Autumn,Total,5532
Autumn,Total,5611
Autumn,Total,5047
Autumn,Total,3786
Autumn,Total,4585
Autumn,Total,5557
Autumn,Total,5267
Autumn,Total,4128
Winter,Total,3623
Winter,Total,1749
Winter,Total,1787
Winter,Total,920
Winter,Total,1013
Winter,Total,441
Winter,Total,2114
Winter,Total,3095
Winter,Total,1341
Winter,Total,1796
Winter,Total,2729
